{
  "project_info": {
    "project_number": "785945160967",
    "firebase_url": "https://erudite-hope-276318.firebaseio.com",
    "project_id": "erudite-hope-276318",
    "storage_bucket": "erudite-hope-276318.appspot.com"
  },
  "client": [
    {
      "client_info": {
        "mobilesdk_app_id": "1:785945160967:android:404ae5c99c8781384b69a2",
        "android_client_info": {
          "package_name": "com.codeinside.tuckbox"
        }
      },
      "oauth_client": [
        {
          "client_id": "785945160967-9a6m70g0acbb4ek5fk7ekdibaj7ks0vb.apps.googleusercontent.com",
          "client_type": 3
        }
      ],
      "api_key": [
        {
          "current_key": "AIzaSyDpifD5jY9pU5krH7H2LJ2P8NKVTjlEs2M"
        }
      ],
      "services": {
        "appinvite_service": {
          "other_platform_oauth_client": [
            {
              "client_id": "785945160967-9a6m70g0acbb4ek5fk7ekdibaj7ks0vb.apps.googleusercontent.com",
              "client_type": 3
            }
          ]
        }
      }
    }
  ],
  "configuration_version": "1"
}